{"acc/top1": 1.0, "acc/top5": 1.0, "acc/mean1": 1.0, "data_time": 0.1335864782333374, "time": 0.19085466861724854}