{"lr": 0.001, "data_time": 109.11560647828239, "grad_norm": 7.800648144313267, "loss": 0.44016137399843763, "top1_acc": 0.8309859154929577, "top5_acc": 1.0, "loss_cls": 0.44016137399843763, "time": 109.43360371249062, "epoch": 1, "iter": 14, "memory": 21685, "step": 14}
{"lr": 0.001, "data_time": 86.13135155439377, "grad_norm": 5.416185688972473, "loss": 0.2137662462890148, "top1_acc": 0.9577464788732394, "top5_acc": 1.0, "loss_cls": 0.2137662462890148, "time": 86.40502868890762, "epoch": 2, "iter": 28, "memory": 21685, "step": 28}
{"lr": 0.001, "data_time": 85.28607012033463, "grad_norm": 5.077514815330505, "loss": 0.14053461253643035, "top1_acc": 0.9577464788732394, "top5_acc": 1.0, "loss_cls": 0.14053461253643035, "time": 85.57176547050476, "epoch": 3, "iter": 42, "memory": 21685, "step": 42}
{"lr": 0.001, "data_time": 94.92730989456177, "grad_norm": 4.480370962619782, "loss": 0.11900457292795182, "top1_acc": 0.9577464788732394, "top5_acc": 1.0, "loss_cls": 0.11900457292795182, "time": 95.19810386896134, "epoch": 4, "iter": 56, "memory": 21685, "step": 56}
{"lr": 0.001, "data_time": 91.90842195749283, "grad_norm": 3.7129727602005005, "loss": 0.09049773653969169, "top1_acc": 1.0, "top5_acc": 1.0, "loss_cls": 0.09049773653969169, "time": 92.1684844493866, "epoch": 5, "iter": 70, "memory": 21685, "step": 70}
{"acc/top1": 0.9607843137254902, "acc/top5": 1.0, "acc/mean1": 0.9535984848484849, "data_time": 117.0214717728751, "time": 117.16868863786969, "step": 5}
{"lr": 0.001, "data_time": 113.68371977806092, "grad_norm": 2.940347135066986, "loss": 0.07002920424565673, "top1_acc": 0.9436619718309859, "top5_acc": 1.0, "loss_cls": 0.07002920424565673, "time": 113.95198011398315, "epoch": 6, "iter": 84, "memory": 21685, "step": 84}
{"lr": 0.001, "data_time": 94.04426474571228, "grad_norm": 3.384674906730652, "loss": 0.07403879584744573, "top1_acc": 0.9577464788732394, "top5_acc": 1.0, "loss_cls": 0.07403879584744573, "time": 94.30629400014877, "epoch": 7, "iter": 98, "memory": 21685, "step": 98}
{"lr": 0.001, "data_time": 98.0184005022049, "grad_norm": 3.5828742355108263, "loss": 0.06881416868418455, "top1_acc": 0.971830985915493, "top5_acc": 1.0, "loss_cls": 0.06881416868418455, "time": 98.28746324777603, "epoch": 8, "iter": 112, "memory": 21685, "step": 112}
{"lr": 0.001, "data_time": 91.70297032594681, "grad_norm": 3.7753113120794297, "loss": 0.06094370260834694, "top1_acc": 0.971830985915493, "top5_acc": 1.0, "loss_cls": 0.06094370260834694, "time": 91.96594536304474, "epoch": 9, "iter": 126, "memory": 21685, "step": 126}
{"lr": 0.001, "data_time": 97.40557943582535, "grad_norm": 3.525731748342514, "loss": 0.05139908036217093, "top1_acc": 1.0, "top5_acc": 1.0, "loss_cls": 0.05139908036217093, "time": 97.70366827249526, "epoch": 10, "iter": 140, "memory": 21685, "step": 140}
{"acc/top1": 0.9711649365628604, "acc/top5": 1.0, "acc/mean1": 0.9723484848484849, "data_time": 105.21468314528465, "time": 105.35406494140625, "step": 10}
{"lr": 0.001, "data_time": 105.27696036100387, "grad_norm": 2.8949500620365143, "loss": 0.0397120819427073, "top1_acc": 0.9859154929577465, "top5_acc": 1.0, "loss_cls": 0.0397120819427073, "time": 105.56218161582947, "epoch": 11, "iter": 154, "memory": 21685, "step": 154}
{"lr": 0.001, "data_time": 96.7634750008583, "grad_norm": 3.336302101612091, "loss": 0.04319956130348146, "top1_acc": 0.9859154929577465, "top5_acc": 1.0, "loss_cls": 0.04319956130348146, "time": 97.04568228721618, "epoch": 12, "iter": 168, "memory": 21685, "step": 168}
{"lr": 0.001, "data_time": 103.78884333372116, "grad_norm": 3.3621121108531953, "loss": 0.03352364008314908, "top1_acc": 0.971830985915493, "top5_acc": 1.0, "loss_cls": 0.03352364008314908, "time": 104.05984042882919, "epoch": 13, "iter": 182, "memory": 21685, "step": 182}
{"lr": 0.001, "data_time": 100.48267904520034, "grad_norm": 3.2857886403799057, "loss": 0.032530146767385304, "top1_acc": 0.9859154929577465, "top5_acc": 1.0, "loss_cls": 0.032530146767385304, "time": 100.7564921617508, "epoch": 14, "iter": 196, "memory": 21685, "step": 196}
{"lr": 0.001, "data_time": 95.55413142442703, "grad_norm": 2.8329526662826536, "loss": 0.024257658515125513, "top1_acc": 1.0, "top5_acc": 1.0, "loss_cls": 0.024257658515125513, "time": 95.83058505058288, "epoch": 15, "iter": 210, "memory": 21685, "step": 210}
{"acc/top1": 0.9573241061130334, "acc/top5": 1.0, "acc/mean1": 0.9409190590111642, "data_time": 108.4114636182785, "time": 108.52407336235046, "step": 15}
