{"lr": 0.001, "data_time": 109.11560647828239, "grad_norm": 7.800648144313267, "loss": 0.44016137399843763, "top1_acc": 0.8309859154929577, "top5_acc": 1.0, "loss_cls": 0.44016137399843763, "time": 109.43360371249062, "epoch": 1, "iter": 14, "memory": 21685, "step": 14}
{"lr": 0.001, "data_time": 86.13135155439377, "grad_norm": 5.416185688972473, "loss": 0.2137662462890148, "top1_acc": 0.9577464788732394, "top5_acc": 1.0, "loss_cls": 0.2137662462890148, "time": 86.40502868890762, "epoch": 2, "iter": 28, "memory": 21685, "step": 28}
{"lr": 0.001, "data_time": 85.28607012033463, "grad_norm": 5.077514815330505, "loss": 0.14053461253643035, "top1_acc": 0.9577464788732394, "top5_acc": 1.0, "loss_cls": 0.14053461253643035, "time": 85.57176547050476, "epoch": 3, "iter": 42, "memory": 21685, "step": 42}
{"lr": 0.001, "data_time": 94.92730989456177, "grad_norm": 4.480370962619782, "loss": 0.11900457292795182, "top1_acc": 0.9577464788732394, "top5_acc": 1.0, "loss_cls": 0.11900457292795182, "time": 95.19810386896134, "epoch": 4, "iter": 56, "memory": 21685, "step": 56}
{"lr": 0.001, "data_time": 91.90842195749283, "grad_norm": 3.7129727602005005, "loss": 0.09049773653969169, "top1_acc": 1.0, "top5_acc": 1.0, "loss_cls": 0.09049773653969169, "time": 92.1684844493866, "epoch": 5, "iter": 70, "memory": 21685, "step": 70}
{"acc/top1": 0.9607843137254902, "acc/top5": 1.0, "acc/mean1": 0.9535984848484849, "data_time": 117.0214717728751, "time": 117.16868863786969, "step": 5}
{"lr": 0.001, "data_time": 113.68371977806092, "grad_norm": 2.940347135066986, "loss": 0.07002920424565673, "top1_acc": 0.9436619718309859, "top5_acc": 1.0, "loss_cls": 0.07002920424565673, "time": 113.95198011398315, "epoch": 6, "iter": 84, "memory": 21685, "step": 84}
{"lr": 0.001, "data_time": 94.04426474571228, "grad_norm": 3.384674906730652, "loss": 0.07403879584744573, "top1_acc": 0.9577464788732394, "top5_acc": 1.0, "loss_cls": 0.07403879584744573, "time": 94.30629400014877, "epoch": 7, "iter": 98, "memory": 21685, "step": 98}
{"lr": 0.001, "data_time": 98.0184005022049, "grad_norm": 3.5828742355108263, "loss": 0.06881416868418455, "top1_acc": 0.971830985915493, "top5_acc": 1.0, "loss_cls": 0.06881416868418455, "time": 98.28746324777603, "epoch": 8, "iter": 112, "memory": 21685, "step": 112}
{"lr": 0.001, "data_time": 91.70297032594681, "grad_norm": 3.7753113120794297, "loss": 0.06094370260834694, "top1_acc": 0.971830985915493, "top5_acc": 1.0, "loss_cls": 0.06094370260834694, "time": 91.96594536304474, "epoch": 9, "iter": 126, "memory": 21685, "step": 126}
{"lr": 0.001, "data_time": 97.40557943582535, "grad_norm": 3.525731748342514, "loss": 0.05139908036217093, "top1_acc": 1.0, "top5_acc": 1.0, "loss_cls": 0.05139908036217093, "time": 97.70366827249526, "epoch": 10, "iter": 140, "memory": 21685, "step": 140}
{"acc/top1": 0.9711649365628604, "acc/top5": 1.0, "acc/mean1": 0.9723484848484849, "data_time": 105.21468314528465, "time": 105.35406494140625, "step": 10}
{"lr": 0.001, "data_time": 105.27696036100387, "grad_norm": 2.8949500620365143, "loss": 0.0397120819427073, "top1_acc": 0.9859154929577465, "top5_acc": 1.0, "loss_cls": 0.0397120819427073, "time": 105.56218161582947, "epoch": 11, "iter": 154, "memory": 21685, "step": 154}
{"lr": 0.001, "data_time": 96.7634750008583, "grad_norm": 3.336302101612091, "loss": 0.04319956130348146, "top1_acc": 0.9859154929577465, "top5_acc": 1.0, "loss_cls": 0.04319956130348146, "time": 97.04568228721618, "epoch": 12, "iter": 168, "memory": 21685, "step": 168}
{"lr": 0.001, "data_time": 103.78884333372116, "grad_norm": 3.3621121108531953, "loss": 0.03352364008314908, "top1_acc": 0.971830985915493, "top5_acc": 1.0, "loss_cls": 0.03352364008314908, "time": 104.05984042882919, "epoch": 13, "iter": 182, "memory": 21685, "step": 182}
{"lr": 0.001, "data_time": 100.48267904520034, "grad_norm": 3.2857886403799057, "loss": 0.032530146767385304, "top1_acc": 0.9859154929577465, "top5_acc": 1.0, "loss_cls": 0.032530146767385304, "time": 100.7564921617508, "epoch": 14, "iter": 196, "memory": 21685, "step": 196}
{"lr": 0.001, "data_time": 95.55413142442703, "grad_norm": 2.8329526662826536, "loss": 0.024257658515125513, "top1_acc": 1.0, "top5_acc": 1.0, "loss_cls": 0.024257658515125513, "time": 95.83058505058288, "epoch": 15, "iter": 210, "memory": 21685, "step": 210}
{"acc/top1": 0.9573241061130334, "acc/top5": 1.0, "acc/mean1": 0.9409190590111642, "data_time": 108.4114636182785, "time": 108.52407336235046, "step": 15}
{"lr": 0.001, "data_time": 111.04646759033203, "grad_norm": 3.183966040611267, "loss": 0.026721883658319713, "top1_acc": 1.0, "top5_acc": 1.0, "loss_cls": 0.026721883658319713, "time": 111.33697295188904, "epoch": 16, "iter": 224, "memory": 21685, "step": 224}
{"lr": 0.001, "data_time": 89.45940582752227, "grad_norm": 3.5876463413238526, "loss": 0.02965098419226706, "top1_acc": 1.0, "top5_acc": 1.0, "loss_cls": 0.02965098419226706, "time": 89.74781775474548, "epoch": 17, "iter": 238, "memory": 21685, "step": 238}
{"lr": 0.001, "data_time": 78.52323620319366, "grad_norm": 3.05599335283041, "loss": 0.032494149077683686, "top1_acc": 0.9577464788732394, "top5_acc": 1.0, "loss_cls": 0.032494149077683686, "time": 78.79727548360825, "epoch": 18, "iter": 252, "memory": 21685, "step": 252}
{"lr": 0.001, "data_time": 81.86650239229202, "grad_norm": 2.60062118396163, "loss": 0.028110086231026798, "top1_acc": 1.0, "top5_acc": 1.0, "loss_cls": 0.028110086231026798, "time": 82.14949086904525, "epoch": 19, "iter": 266, "memory": 21685, "step": 266}
{"lr": 0.001, "data_time": 96.30461567640305, "grad_norm": 2.4230608768761157, "loss": 0.02081780768930912, "top1_acc": 1.0, "top5_acc": 1.0, "loss_cls": 0.02081780768930912, "time": 96.59866619110107, "epoch": 20, "iter": 280, "memory": 21685, "step": 280}
{"acc/top1": 0.9607843137254902, "acc/top5": 1.0, "acc/mean1": 0.9471690590111643, "data_time": 104.85803878307343, "time": 104.98075434565544, "step": 20}
{"lr": 0.0001, "data_time": 102.08771753311157, "grad_norm": 2.184039393812418, "loss": 0.018446759617654608, "top1_acc": 1.0, "top5_acc": 1.0, "loss_cls": 0.018446759617654608, "time": 102.36768828630447, "epoch": 21, "iter": 294, "memory": 21685, "step": 294}
{"lr": 0.0001, "data_time": 101.15883468389511, "grad_norm": 2.123214430361986, "loss": 0.017763060954166576, "top1_acc": 1.0, "top5_acc": 1.0, "loss_cls": 0.017763060954166576, "time": 101.4303436756134, "epoch": 22, "iter": 308, "memory": 21685, "step": 308}
{"lr": 0.0001, "data_time": 97.21641547679901, "grad_norm": 1.599627462029457, "loss": 0.012465323955984786, "top1_acc": 0.9859154929577465, "top5_acc": 1.0, "loss_cls": 0.012465323955984786, "time": 97.48102780580521, "epoch": 23, "iter": 322, "memory": 21685, "step": 322}
{"lr": 0.0001, "data_time": 97.53996076583863, "grad_norm": 1.903368964791298, "loss": 0.015437111858045683, "top1_acc": 0.971830985915493, "top5_acc": 1.0, "loss_cls": 0.015437111858045683, "time": 97.81746554374695, "epoch": 24, "iter": 336, "memory": 21685, "step": 336}
{"lr": 0.0001, "data_time": 101.2851676940918, "grad_norm": 1.6403281584382057, "loss": 0.01225884518935345, "top1_acc": 1.0, "top5_acc": 1.0, "loss_cls": 0.01225884518935345, "time": 101.56566660404205, "epoch": 25, "iter": 350, "memory": 21685, "step": 350}
{"acc/top1": 0.9677047289504037, "acc/top5": 1.0, "acc/mean1": 0.9648125996810207, "data_time": 114.7782573401928, "time": 114.89375573396683, "step": 25}
{"lr": 0.0001, "data_time": 118.47701044082642, "grad_norm": 2.0628417298197745, "loss": 0.014746504364302382, "top1_acc": 1.0, "top5_acc": 1.0, "loss_cls": 0.014746504364302382, "time": 118.760298538208, "epoch": 26, "iter": 364, "memory": 21685, "step": 364}
{"lr": 0.0001, "data_time": 100.7044643163681, "grad_norm": 2.0450134009122847, "loss": 0.019594903651159255, "top1_acc": 0.9859154929577465, "top5_acc": 1.0, "loss_cls": 0.019594903651159255, "time": 100.97331367731094, "epoch": 27, "iter": 378, "memory": 21685, "step": 378}
{"lr": 0.0001,