{"lr": 0.001, "data_time": 102.16475822244372, "grad_norm": 21.21911355427333, "loss": 1.662829931293215, "top1_acc": 0.7605633802816901, "top5_acc": 1.0, "loss_cls": 1.662829931293215, "time": 102.55868785721916, "epoch": 1, "iter": 14, "memory": 21691, "step": 14}
{"lr": 0.001, "data_time": 88.56308478116989, "grad_norm": 12.929925203323364, "loss": 0.33407101184129717, "top1_acc": 0.971830985915493, "top5_acc": 1.0, "loss_cls": 0.33407101184129717, "time": 88.83432128429413, "epoch": 2, "iter": 28, "memory": 21691, "step": 28}
{"lr": 0.001, "data_time": 96.74703656435013, "grad_norm": 4.512376117706299, "loss": 0.16895648166537286, "top1_acc": 0.9014084507042254, "top5_acc": 1.0, "loss_cls": 0.16895648166537286, "time": 97.01290590763092, "epoch": 3, "iter": 42, "memory": 21691, "step": 42}
{"lr": 0.001, "data_time": 92.30360475778579, "grad_norm": 3.781239080429077, "loss": 0.13259490728378295, "top1_acc": 0.9859154929577465, "top5_acc": 1.0, "loss_cls": 0.13259490728378295, "time": 92.57719517946244, "epoch": 4, "iter": 56, "memory": 21691, "step": 56}
{"lr": 0.001, "data_time": 91.33644357919692, "grad_norm": 3.6976770997047423, "loss": 0.09962618201971055, "top1_acc": 0.9577464788732394, "top5_acc": 1.0, "loss_cls": 0.09962618201971055, "time": 91.6283997297287, "epoch": 5, "iter": 70, "memory": 21691, "step": 70}
{"acc/top1": 0.9584775086505191, "acc/top5": 1.0, "acc/mean1": 0.958433014354067, "data_time": 116.95764977591378, "time": 117.11564605576652, "step": 5}
{"lr": 0.001, "data_time": 102.22935476303101, "grad_norm": 3.930703717470169, "loss": 0.09754432020708918, "top1_acc": 0.9436619718309859, "top5_acc": 1.0, "loss_cls": 0.09754432020708918, "time": 102.52279502153397, "epoch": 6, "iter": 84, "memory": 21691, "step": 84}
{"lr": 0.001, "data_time": 85.79300055503845, "grad_norm": 3.603755587339401, "loss": 0.07537209717556834, "top1_acc": 0.9859154929577465, "top5_acc": 1.0, "loss_cls": 0.07537209717556834, "time": 86.0770291686058, "epoch": 7, "iter": 98, "memory": 21691, "step": 98}
{"lr": 0.001, "data_time": 104.34036774635315, "grad_norm": 3.712146133184433, "loss": 0.07292477870360017, "top1_acc": 0.971830985915493, "top5_acc": 1.0, "loss_cls": 0.07292477870360017, "time": 104.614257478714, "epoch": 8, "iter": 112, "memory": 21691, "step": 112}
{"lr": 0.001, "data_time": 100.86412491798401, "grad_norm": 3.2184686958789825, "loss": 0.06218800712376833, "top1_acc": 0.9859154929577465, "top5_acc": 1.0, "loss_cls": 0.06218800712376833, "time": 101.13094944953919, "epoch": 9, "iter": 126, "memory": 21691, "step": 126}
{"lr": 0.001, "data_time": 103.21555236577987, "grad_norm": 2.504942113161087, "loss": 0.0449250201229006, "top1_acc": 1.0, "top5_acc": 1.0, "loss_cls": 0.0449250201229006, "time": 103.50919954776764, "epoch": 10, "iter": 140, "memory": 21691, "step": 140}
{"acc/top1": 0.9665513264129181, "acc/top5": 1.0, "acc/mean1": 0.957585725677831, "data_time": 105.6904519200325, "time": 105.82578560709953, "step": 10}
{"lr": 0.001, "data_time": 106.18528727293014, "grad_norm": 2.8017022252082824, "loss": 0.04352048831060529, "top1_acc": 0.9859154929577465, "top5_acc": 1.0, "loss_cls": 0.04352048831060529, "time": 106.47538957595825, "epoch": 11, "iter": 154, "memory": 21691, "step": 154}
{"lr": 0.001, "data_time": 94.96265646219254, "grad_norm": 2.6696480810642242, "loss": 0.0356794198974967, "top1_acc": 0.9859154929577465, "top5_acc": 1.0, "loss_cls": 0.0356794198974967, "time": 95.22656582593918, "epoch": 12, "iter": 168, "memory": 21691, "step": 168}
{"lr": 0.001, "data_time": 97.99799423217773, "grad_norm": 2.577885228395462, "loss": 0.034443346224725245, "top1_acc": 1.0, "top5_acc": 1.0, "loss_cls": 0.034443346224725245, "time": 98.27520045042039, "epoch": 13, "iter": 182, "memory": 21691, "step": 182}
{"lr": 0.001, "data_time": 96.4933653473854, "grad_norm": 2.1752500891685487, "loss": 0.024149084789678456, "top1_acc": 1.0, "top5_acc": 1.0, "loss_cls": 0.024149084789678456, "time": 96.7789730668068, "epoch": 14, "iter": 196, "memory": 21691, "step": 196}
{"lr": 0.001, "data_time": 100.29525591135025, "grad_norm": 2.8702324509620665, "loss": 0.02987506575882435, "top1_acc": 0.9859154929577465, "top5_acc": 1.0, "loss_cls": 0.02987506575882435, "time": 100.5907311797142, "epoch": 15, "iter": 210, "memory": 21691, "step": 210}
{"acc/top1": 0.9677047289504037, "acc/top5": 1.0, "acc/mean1": 0.9635267145135566, "data_time": 97.4949814081192, "time": 97.61166813969612, "step": 15}
{"lr": 0.001, "data_time": 102.5972459435463, "grad_norm": 3.17618448138237, "loss": 0.03130417843349278, "top1_acc": 0.9859154929577465, "top5_acc": 1.0, "loss_cls": 0.03130417843349278, "time": 102.88868156671523, "epoch": 16, "iter": 224, "memory": 21691, "step": 224}
{"lr": 0.001, "data_time": 88.4423170208931, "grad_norm": 3.38581368625164, "loss": 0.030567233683541417, "top1_acc": 0.971830985915493, "top5_acc": 1.0, "loss_cls": 0.030567233683541417, "time": 88.71485975980758, "epoch": 17, "iter": 238, "memory": 21691, "step": 238}
{"lr": 0.001, "data_time": 91.60181860923767, "grad_norm": 3.2924258530139925, "loss": 0.034374752664007246, "top1_acc": 1.0, "top5_acc": 1.0, "loss_cls": 0.034374752664007246, "time": 91.8741315960884, "epoch": 18, "iter": 252, "memory": 21691, "step": 252}
{"lr": 0.001, "data_time": 93.05141471624374, "grad_norm": 2.4248076677322388, "loss": 0.022985274507664143, "top1_acc": 0.9859154929577465, "top5_acc": 1.0, "loss_cls": 0.022985274507664143, "time": 93.33019526004792, "epoch": 19, "iter": 266, "memory": 21691, "step": 266}
{"lr": 0.001, "data_time": 92.78395394086837, "grad_norm": 2.591500514745712, "loss": 0.021675863256677984, "top1_acc": 0.971830985915493, "top5_acc": 1.0, "loss_cls": 0.021675863256677984, "time": 93.05523595809936, "epoch": 20, "iter": 280, "memory": 21691, "step": 280}
{"acc/top1": 0.9619377162629758, "acc/top5": 1.0, "acc/mean1": 0.9582535885167465, "data_time": 100.18734097480774, "time": 100.30817887187004, "step": 20}
{"lr": 0.0001, "data_time": 102.1481268644333, "grad_norm": 2.3712149560451508, "loss": 0.016284728865139188, "top1_acc": 0.9859154929577465, "top5_acc": 1.0, "loss_cls": 0.016284728865139188, "time": 102.42616276741028, "epoch": 21, "iter": 294, "memory": 21691, "step": 294}
{"lr": 0.0001, "data_time": 96.24481439590454, "grad_norm": 2.212643024325371, "loss": 0.01567944746930152, "top1_acc": 0.9859154929577465, "top5_acc": 1.0, "loss_cls": 0.01567944746930152, "time": 96.52299275398255, "epoch": 22, "iter": 308, "memory": 21691, "step": 308}
{"lr": 0.0001, "data_time": 95.87499358654023, "grad_norm": 2.2527274236083032, "loss": 0.01940226396545768, "top1_acc": 0.9859154929577465, "top5_acc": 1.0, "loss_cls": 0.01940226396545768, "time": 96.15367478132248, "epoch": 23, "iter": 322, "memory": 21691, "step": 322}
{"lr": 0.0001, "data_time": 83.6841360449791, "grad_norm": 1.2925044372677803, "loss": 0.009070592786883935, "top1_acc": 1.0, "top5_acc": 1.0, "loss_cls": 0.009070592786883935, "time": 83.94373035430908, "epoch": 24, "iter": 336, "memory": 21691, "step": 336}
{"lr": 0.0001, "data_time": 93.83131061792373, "grad_norm": 1.7241672448813916, "loss": 0.013929541630204767, "top1_acc": 1.0, "top5_acc": 1.0, "loss_cls": 0.013929541630204767, "time": 94.09137065410614, "epoch": 25, "iter": 350, "memory": 21691, "step": 350}
{"acc/top1": 0.9630911188004614, "acc/top5": 1.0, "acc/mean1": 0.9551933811802233, "data_time": 105.21641027927399, "time": 105.33850684762001, "step": 25}
{"lr": 0.0001, "data_time": 109.41546174287797, "grad_norm": 1.5141612268984317, "loss": 0.012206655455520377, "top1_acc": 1.0, "top5_acc": 1.0, "loss_cls": 0.012206655455520377, "time": 109.69527064561844, "epoch": 26, "iter": 364, "memory": 21691, "step": 364}
{"lr": 0.0001, "data_time": 96.76344074010849, "grad_norm": 1.5364862143993379, "loss": 0.010974528593942523, "top1_acc": 0.9859154929577465, "top5_acc": 1.0, "loss_cls": 0.010974528593942523, "time": 97.03028620481491, "epoch": 27, "iter": 378,