{"lr": 7.8125e-05, "data_time": 0.13073050181070964, "grad_norm": 12.699267768859864, "loss": 0.7020522395769755, "top1_acc": 0.5, "top5_acc": 1.0, "loss_cls": 0.7020522395769755, "time": 0.16773446400960287, "epoch": 1, "iter": 15, "memory": 3258, "step": 15}
{"acc/top1": 0.5, "acc/top5": 1.0, "acc/mean1": 0.5, "data_time": 0.22741971015930176, "time": 0.2419496536254883, "step": 1}
{"lr": 7.8125e-05, "data_time": 0.09154677391052246, "grad_norm": 12.029747581481933, "loss": 0.6979341566562652, "top1_acc": 0.5, "top5_acc": 1.0, "loss_cls": 0.6979341566562652, "time": 0.12728328704833985, "epoch": 2, "iter": 30, "memory": 1183, "step": 30}
{"acc/top1": 0.5, "acc/top5": 1.0, "acc/mean1": 0.5, "data_time": 0.13045636812845865, "time": 0.14396687348683676, "step": 2}
{"lr": 7.8125e-05, "data_time": 0.0953905463218689, "grad_norm": 11.966950607299804, "loss": 0.679578173160553, "top1_acc": 0.5, "top5_acc": 1.0, "loss_cls": 0.679578173160553, "time": 0.13174809217453004, "epoch": 3, "iter": 45, "memory": 1183, "step": 45}
{"acc/top1": 0.8, "acc/top5": 1.0, "acc/mean1": 0.8, "data_time": 0.13438451290130615, "time": 0.1516184409459432, "step": 3}
{"lr": 7.8125e-05, "data_time": 0.09170061349868774, "grad_norm": 12.260815382003784, "loss": 0.6692536681890487, "top1_acc": 1.0, "top5_acc": 1.0, "loss_cls": 0.6692536681890487, "time": 0.12874302864074708, "epoch": 4, "iter": 60, "memory": 1183, "step": 60}
{"acc/top1": 0.8, "acc/top5": 1.0, "acc/mean1": 0.8, "data_time": 0.20179100831349692, "time": 0.21478883425394693, "step": 4}
{"lr": 7.8125e-05, "data_time": 0.09806671142578124, "grad_norm": 12.888578414916992, "loss": 0.6824345409870147, "top1_acc": 0.5, "top5_acc": 1.0, "loss_cls": 0.6824345409870147, "time": 0.1344701886177063, "epoch": 5, "iter": 75, "memory": 1183, "step": 75}
{"acc/top1": 0.7, "acc/top5": 1.0, "acc/mean1": 0.7, "data_time": 0.15656510988871256, "time": 0.1666890780131022, "step": 5}
{"lr": 7.8125e-05, "data_time": 0.10829486846923828, "grad_norm": 12.32240538597107, "loss": 0.7060133278369903, "top1_acc": 0.0, "top5_acc": 1.0, "loss_cls": 0.7060133278369903, "time": 0.14343301057815552, "epoch": 6, "iter": 90, "memory": 1183, "step": 90}
{"acc/top1": 0.9, "acc/top5": 1.0, "acc/mean1": 0.9, "data_time": 0.15887653827667236, "time": 0.16964972019195557, "step": 6}
{"lr": 7.8125e-05, "data_time": 0.10232574939727783, "grad_norm": 11.873727941513062, "loss": 0.6585979208350181, "top1_acc": 0.5, "top5_acc": 1.0, "loss_cls": 0.6585979208350181, "time": 0.1429000973701477, "epoch": 7, "iter": 105, "memory": 1183, "step": 105}
{"acc/top1": 0.8, "acc/top5": 1.0, "acc/mean1": 0.8, "data_time": 0.1341020663579305, "time": 0.1476255257924398, "step": 7}
{"lr": 7.8125e-05, "data_time": 0.10933401584625244, "grad_norm": 11.839722561836243, "loss": 0.6558598801493645, "top1_acc": 1.0, "top5_acc": 1.0, "loss_cls": 0.6558598801493645, "time": 0.14393036365509032, "epoch": 8, "iter": 120, "memory": 1183, "step": 120}
{"acc/top1": 1.0, "acc/top5": 1.0, "acc/mean1": 1.0, "data_time": 0.16849259535471597, "time": 0.18097190062204996, "step": 8}
{"lr": 7.8125e-05, "data_time": 0.12064805030822753, "grad_norm": 11.979926204681396, "loss": 0.6401626661419868, "top1_acc": 1.0, "top5_acc": 1.0, "loss_cls": 0.6401626661419868, "time": 0.15720701217651367, "epoch": 9, "iter": 135, "memory": 1183, "step": 135}
{"acc/top1": 0.9, "acc/top5": 1.0, "acc/mean1": 0.9, "data_time": 0.14380415280659994, "time": 0.15402472019195557, "step": 9}
{"lr": 7.8125e-05, "data_time": 0.11617413759231568, "grad_norm": 11.54690749645233, "loss": 0.6053252592682838, "top1_acc": 1.0, "top5_acc": 1.0, "loss_cls": 0.6053252592682838, "time": 0.1574690341949463, "epoch": 10, "iter": 150, "memory": 1183, "step": 150}
{"acc/top1": 0.9, "acc/top5": 1.0, "acc/mean1": 0.9, "data_time": 0.17791148026784262, "time": 0.19151711463928223, "step": 10}
