{"lr": 0.001, "data_time": 102.54878459657941, "grad_norm": 7.800648144313267, "loss": 0.44016137399843763, "top1_acc": 0.8309859154929577, "top5_acc": 1.0, "loss_cls": 0.44016137399843763, "time": 102.8820241178785, "epoch": 1, "iter": 14, "memory": 21685, "step": 14}
{"lr": 0.001, "data_time": 83.99734704494476, "grad_norm": 5.416185688972473, "loss": 0.2137662462890148, "top1_acc": 0.9577464788732394, "top5_acc": 1.0, "loss_cls": 0.2137662462890148, "time": 84.27273660898209, "epoch": 2, "iter": 28, "memory": 21685, "step": 28}
{"lr": 0.001, "data_time": 83.42249040603637, "grad_norm": 5.077514815330505, "loss": 0.14053461253643035, "top1_acc": 0.9577464788732394, "top5_acc": 1.0, "loss_cls": 0.14053461253643035, "time": 83.70566517114639, "epoch": 3, "iter": 42, "memory": 21685, "step": 42}
{"lr": 0.001, "data_time": 95.03502783775329, "grad_norm": 4.480370962619782, "loss": 0.11900457292795182, "top1_acc": 0.9577464788732394, "top5_acc": 1.0, "loss_cls": 0.11900457292795182, "time": 95.329760658741, "epoch": 4, "iter": 56, "memory": 21685, "step": 56}
{"lr": 0.001, "data_time": 91.77968274354934, "grad_norm": 3.7129727602005005, "loss": 0.09049773653969169, "top1_acc": 1.0, "top5_acc": 1.0, "loss_cls": 0.09049773653969169, "time": 92.05931534767151, "epoch": 5, "iter": 70, "memory": 21685, "step": 70}
{"acc/top1": 0.9607843137254902, "acc/top5": 1.0, "acc/mean1": 0.9535984848484849, "data_time": 116.87842430387225, "time": 117.04647268567767, "step": 5}
{"lr": 0.001, "data_time": 111.77293578386306, "grad_norm": 2.940347135066986, "loss": 0.07002920424565673, "top1_acc": 0.9436619718309859, "top5_acc": 1.0, "loss_cls": 0.07002920424565673, "time": 112.06431908607483, "epoch": 6, "iter": 84, "memory": 21685, "step": 84}
{"lr": 0.001, "data_time": 93.65242018699647, "grad_norm": 3.384674906730652, "loss": 0.07403879584744573, "top1_acc": 0.9577464788732394, "top5_acc": 1.0, "loss_cls": 0.07403879584744573, "time": 93.94310578107834, "epoch": 7, "iter": 98, "memory": 21685, "step": 98}
{"lr": 0.001, "data_time": 97.02447360754013, "grad_norm": 3.5828742355108263, "loss": 0.06881416868418455, "top1_acc": 0.971830985915493, "top5_acc": 1.0, "loss_cls": 0.06881416868418455, "time": 97.29841523170471, "epoch": 8, "iter": 112, "memory": 21685, "step": 112}
{"lr": 0.001, "data_time": 95.17043573856354, "grad_norm": 3.7753113120794297, "loss": 0.06094370260834694, "top1_acc": 0.971830985915493, "top5_acc": 1.0, "loss_cls": 0.06094370260834694, "time": 95.44392504692078, "epoch": 9, "iter": 126, "memory": 21685, "step": 126}
{"lr": 0.001, "data_time": 101.92742012739181, "grad_norm": 3.525731748342514, "loss": 0.05139908036217093, "top1_acc": 1.0, "top5_acc": 1.0, "loss_cls": 0.05139908036217093, "time": 102.2037034034729, "epoch": 10, "iter": 140, "memory": 21685, "step": 140}
{"acc/top1": 0.9711649365628604, "acc/top5": 1.0, "acc/mean1": 0.9723484848484849, "data_time": 107.72669339179993, "time": 107.86953476071358, "step": 10}
{"lr": 0.001, "data_time": 104.70920050144196, "grad_norm": 2.8949500620365143, "loss": 0.0397120819427073, "top1_acc": 0.9859154929577465, "top5_acc": 1.0, "loss_cls": 0.0397120819427073, "time": 105.00763125419617, "epoch": 11, "iter": 154, "memory": 21685, "step": 154}
{"lr": 0.001, "data_time": 96.81557648181915, "grad_norm": 3.336302101612091, "loss": 0.04319956130348146, "top1_acc": 0.9859154929577465, "top5_acc": 1.0, "loss_cls": 0.04319956130348146, "time": 97.105548286438, "epoch": 12, "iter": 168, "memory": 21685, "step": 168}
{"lr": 0.001, "data_time": 101.50203434228897, "grad_norm": 3.3621121108531953, "loss": 0.03352364008314908, "top1_acc": 0.971830985915493, "top5_acc": 1.0, "loss_cls": 0.03352364008314908, "time": 101.77726192474366, "epoch": 13, "iter": 182, "memory": 21685, "step": 182}
{"lr": 0.001, "data_time": 94.21510103940963, "grad_norm": 3.2857886403799057, "loss": 0.032530146767385304, "top1_acc": 0.9859154929577465, "top5_acc": 1.0, "loss_cls": 0.032530146767385304, "time": 94.49138089418412, "epoch": 14, "iter": 196, "memory": 21685, "step": 196}
{"lr": 0.001, "data_time": 88.67238245010375, "grad_norm": 2.8329526662826536, "loss": 0.024257658515125513, "top1_acc": 1.0, "top5_acc": 1.0, "loss_cls": 0.024257658515125513, "time": 88.95997478961945, "epoch": 15, "iter": 210, "memory": 21685, "step": 210}
{"acc/top1": 0.9573241061130334, "acc/top5": 1.0, "acc/mean1": 0.9409190590111642, "data_time": 102.045545399189, "time": 102.17073866724968, "step": 15}
{"lr": 0.001, "data_time": 103.15199998617172, "grad_norm": 3.183966040611267, "loss": 0.026721883658319713, "top1_acc": 1.0, "top5_acc": 1.0, "loss_cls": 0.026721883658319713, "time": 103.42610274553299, "epoch": 16, "iter": 224, "memory": 21685, "step": 224}
{"lr": 0.001, "data_time": 90.80812982320785, "grad_norm": 3.5876463413238526, "loss": 0.02965098419226706, "top1_acc": 1.0, "top5_acc": 1.0, "loss_cls": 0.02965098419226706, "time": 91.08014971017838, "epoch": 17, "iter": 238, "memory": 21685, "step": 238}
{"lr": 0.001, "data_time": 84.21324098110199, "grad_norm": 3.05599335283041, "loss": 0.032494149077683686, "top1_acc": 0.9577464788732394, "top5_acc": 1.0, "loss_cls": 0.032494149077683686, "time": 84.47941048145294, "epoch": 18, "iter": 252, "memory": 21685, "step": 252}
{"lr": 0.001, "data_time": 87.12151228189468, "grad_norm": 2.60062118396163, "loss": 0.028110086231026798, "top1_acc": 1.0, "top5_acc": 1.0, "loss_cls": 0.028110086231026798, "time": 87.39742180109025, "epoch": 19, "iter": 266, "memory": 21685, "step": 266}
{"lr": 0.001, "data_time": 97.1859102845192, "grad_norm": 2.4230608768761157, "loss": 0.02081780768930912, "top1_acc": 1.0, "top5_acc": 1.0, "loss_cls": 0.02081780768930912, "time": 97.46047995090484, "epoch": 20, "iter": 280, "memory": 21685, "step": 280}
{"acc/top1": 0.9607843137254902, "acc/top5": 1.0, "acc/mean1": 0.9471690590111643, "data_time": 106.82860141992569, "time": 106.94957962632179, "step": 20}
{"lr": 0.0001, "data_time": 103.85245056152344, "grad_norm": 2.184039393812418, "loss": 0.018446759617654608, "top1_acc": 1.0, "top5_acc": 1.0, "loss_cls": 0.018446759617654608, "time": 104.12546218633652, "epoch": 21, "iter": 294, "memory": 21685, "step": 294}
{"lr": 0.0001, "data_time": 103.79927530288697, "grad_norm": 2.123214430361986, "loss": 0.017763060954166576, "top1_acc": 1.0, "top5_acc": 1.0, "loss_cls": 0.017763060954166576, "time": 104.07982227802276, "epoch": 22, "iter": 308, "memory": 21685, "step": 308}
{"lr": 0.0001, "data_time": 99.75364772081375, "grad_norm": 1.599627462029457, "loss": 0.012465323955984786, "top1_acc": 0.9859154929577465, "top5_acc": 1.0, "loss_cls": 0.012465323955984786, "time": 100.02153247594833, "epoch": 23, "iter": 322, "memory": 21685, "step": 322}
{"lr": 0.0001, "data_time": 95.65664900541306, "grad_norm": 1.903368964791298, "loss": 0.015437111858045683, "top1_acc": 0.971830985915493, "top5_acc": 1.0, "loss_cls": 0.015437111858045683, "time": 95.92721378803253, "epoch": 24, "iter": 336, "memory": 21685, "step": 336}
{"lr": 0.0001, "data_time": 98.76999212503434, "grad_norm": 1.6403281584382057, "loss": 0.01225884518935345, "top1_acc": 1.0, "top5_acc": 1.0, "loss_cls": 0.01225884518935345, "time": 99.05784043073655, "epoch": 25, "iter": 350, "memory": 21685, "step": 350}
{"acc/top1": 0.9677047289504037, "acc/top5": 1.0, "acc/mean1": 0.9648125996810207, "data_time": 107.6988854110241, "time": 107.81682905554771, "step": 25}
{"lr": 0.0001, "data_time": 109.58137937784196, "grad_norm": 2.0628417298197745, "loss": 0.014746504364302382, "top1_acc": 1.0, "top5_acc": 1.0, "loss_cls": 0.014746504364302382, "time": 109.84938035011291, "epoch": 26, "iter": 364, "memory": 21685, "step": 364}
{"lr": 0.0001, "data_time": 94.8410015463829, "grad_norm": 2.0450134009122847, "loss": 0.019594903651159255, "top1_acc": 0.9859154929577465, "top5_acc": 1.0, "loss_cls": 0.019594903651159255, "time": 95.11122279167175, "epoch": 27, "iter": 378, "memory": 21685, "step": 378}
{"lr": 0.0001,