{"acc/top1": 0.8, "acc/top5": 1.0, "acc/mean1": 0.8, "data_time": 0.2075376033782959, "time": 0.26418561935424806}