{"lr": 0.001, "data_time": 124.2993642943246, "grad_norm": 9.148500033787318, "loss": 0.41171403016362873, "top1_acc": 0.8591549295774648, "top5_acc": 1.0, "loss_cls": 0.41171403016362873, "time": 124.62978899478912, "epoch": 1, "iter": 14, "memory": 21685, "step": 14}
{"lr": 0.001, "data_time": 110.92677680253982, "grad_norm": 5.881385660171508, "loss": 0.2099742002785206, "top1_acc": 0.9859154929577465, "top5_acc": 1.0, "loss_cls": 0.2099742002785206, "time": 111.19784684181214, "epoch": 2, "iter": 28, "memory": 21685, "step": 28}
{"lr": 0.001, "data_time": 110.27218998670578, "grad_norm": 3.9061246514320374, "loss": 0.12733518555760384, "top1_acc": 0.9859154929577465, "top5_acc": 1.0, "loss_cls": 0.12733518555760384, "time": 110.55780431032181, "epoch": 3, "iter": 42, "memory": 21685, "step": 42}
{"lr": 0.001, "data_time": 91.10959831476211, "grad_norm": 4.148639678955078, "loss": 0.10634830929338931, "top1_acc": 0.971830985915493, "top5_acc": 1.0, "loss_cls": 0.10634830929338931, "time": 91.39112124443054, "epoch": 4, "iter": 56, "memory": 21685, "step": 56}
{"lr": 0.001, "data_time": 90.62465649843216, "grad_norm": 3.8847360610961914, "loss": 0.08388206101953984, "top1_acc": 0.9436619718309859, "top5_acc": 1.0, "loss_cls": 0.08388206101953984, "time": 90.88625324964524, "epoch": 5, "iter": 70, "memory": 21685, "step": 70}
{"acc/top1": 0.9619377162629758, "acc/top5": 1.0, "acc/mean1": 0.9543959330143541, "data_time": 131.9317982537406, "time": 132.09438920021057, "step": 5}
{"lr": 0.001, "data_time": 113.2890774488449, "grad_norm": 3.7035513281822205, "loss": 0.07855001091957092, "top1_acc": 0.9859154929577465, "top5_acc": 1.0, "loss_cls": 0.07855001091957092, "time": 113.55110133886338, "epoch": 6, "iter": 84, "memory": 21685, "step": 84}
{"lr": 0.001, "data_time": 108.90016046762466, "grad_norm": 3.3479905843734743, "loss": 0.06355724558234215, "top1_acc": 1.0, "top5_acc": 1.0, "loss_cls": 0.06355724558234215, "time": 109.17313702106476, "epoch": 7, "iter": 98, "memory": 21685, "step": 98}
{"lr": 0.001, "data_time": 94.50240870714188, "grad_norm": 3.432736372947693, "loss": 0.058278702571988104, "top1_acc": 0.971830985915493, "top5_acc": 1.0, "loss_cls": 0.058278702571988104, "time": 94.78140743970872, "epoch": 8, "iter": 112, "memory": 21685, "step": 112}
{"lr": 0.001, "data_time": 95.01316126585007, "grad_norm": 3.5991438210010527, "loss": 0.05098949363455176, "top1_acc": 0.971830985915493, "top5_acc": 1.0, "loss_cls": 0.05098949363455176, "time": 95.29679931402207, "epoch": 9, "iter": 126, "memory": 21685, "step": 126}
{"lr": 0.001, "data_time": 118.9337791800499, "grad_norm": 3.815803921222687, "loss": 0.04504422852769494, "top1_acc": 0.9859154929577465, "top5_acc": 1.0, "loss_cls": 0.04504422852769494, "time": 119.21822364330292, "epoch": 10, "iter": 140, "memory": 21685, "step": 140}
{"acc/top1": 0.9607843137254902, "acc/top5": 1.0, "acc/mean1": 0.9458831738437001, "data_time": 106.02014601230621, "time": 106.16566580533981, "step": 10}
{"lr": 0.001, "data_time": 110.19567626714706, "grad_norm": 3.4814749121665955, "loss": 0.03516898683737964, "top1_acc": 1.0, "top5_acc": 1.0, "loss_cls": 0.03516898683737964, "time": 110.48759073019028, "epoch": 11, "iter": 154, "memory": 21685, "step": 154}
{"lr": 0.001, "data_time": 98.11931087970734, "grad_norm": 3.7086755454540254, "loss": 0.04273984355386347, "top1_acc": 0.971830985915493, "top5_acc": 1.0, "loss_cls": 0.04273984355386347, "time": 98.39673099517822, "epoch": 12, "iter": 168, "memory": 21685, "step": 168}
{"lr": 0.001, "data_time": 94.52118446826935, "grad_norm": 3.312484639883041, "loss": 0.03977287719026208, "top1_acc": 0.9859154929577465, "top5_acc": 1.0, "loss_cls": 0.03977287719026208, "time": 94.79576652050018, "epoch": 13, "iter": 182, "memory": 21685, "step": 182}
{"lr": 0.001, "data_time": 89.65731437206269, "grad_norm": 3.1584304094314577, "loss": 0.03292826442047954, "top1_acc": 0.9859154929577465, "top5_acc": 1.0, "loss_cls": 0.03292826442047954, "time": 89.94676280021667, "epoch": 14, "iter": 196, "memory": 21685, "step": 196}
{"lr": 0.001, "data_time": 98.04802117347717, "grad_norm": 2.9902063429355623, "loss": 0.027105168672278523, "top1_acc": 1.0, "top5_acc": 1.0, "loss_cls": 0.027105168672278523, "time": 98.31861501932144, "epoch": 15, "iter": 210, "memory": 21685, "step": 210}
{"acc/top1": 0.9642445213379469, "acc/top5": 1.0, "acc/mean1": 0.9559908293460926, "data_time": 109.65850552916527, "time": 109.77778780460358, "step": 15}
{"lr": 0.001, "data_time": 110.67198578119277, "grad_norm": 2.2979086726903915, "loss": 0.020917216967791318, "top1_acc": 1.0, "top5_acc": 1.0, "loss_cls": 0.020917216967791318, "time": 110.95384674072265, "epoch": 16, "iter": 224, "memory": 21685, "step": 224}
{"lr": 0.001, "data_time": 101.11180936098098, "grad_norm": 2.275097969174385, "loss": 0.018662645691074432, "top1_acc": 0.9859154929577465, "top5_acc": 1.0, "loss_cls": 0.018662645691074432, "time": 101.37118941545486, "epoch": 17, "iter": 238, "memory": 21685, "step": 238}
{"lr": 0.001, "data_time": 116.45331913232803, "grad_norm": 2.67611992508173, "loss": 0.01859837577212602, "top1_acc": 1.0, "top5_acc": 1.0, "loss_cls": 0.01859837577212602, "time": 116.7320678114891, "epoch": 18, "iter": 252, "memory": 21685, "step": 252}
{"lr": 0.001, "data_time": 99.89239295721055, "grad_norm": 3.1317876845598223, "loss": 0.023105965985450894, "top1_acc": 1.0, "top5_acc": 1.0, "loss_cls": 0.023105965985450894, "time": 100.16458152532577, "epoch": 19, "iter": 266, "memory": 21685, "step": 266}
{"lr": 0.001, "data_time": 103.08386435508729, "grad_norm": 2.815219980478287, "loss": 0.023708506440743803, "top1_acc": 1.0, "top5_acc": 1.0, "loss_cls": 0.023708506440743803, "time": 103.34098428487778, "epoch": 20, "iter": 280, "memory": 21685, "step": 280}
{"acc/top1": 0.9653979238754326, "acc/top5": 1.0, "acc/mean1": 0.960645933014354, "data_time": 106.93787217140198, "time": 107.06550008058548, "step": 20}
{"lr": 0.0001, "data_time": 111.32228518724442, "grad_norm": 2.3708497688174246, "loss": 0.018641033355379477, "top1_acc": 1.0, "top5_acc": 1.0, "loss_cls": 0.018641033355379477, "time": 111.58955738544464, "epoch": 21, "iter": 294, "memory": 21685, "step": 294}
{"lr": 0.0001, "data_time": 103.24075245857239, "grad_norm": 1.6910178050398827, "loss": 0.013630078948335723, "top1_acc": 0.9859154929577465, "top5_acc": 1.0, "loss_cls": 0.013630078948335723, "time": 103.51993000507355, "epoch": 22, "iter": 308, "memory": 21685, "step": 308}
{"lr": 0.0001, "data_time": 94.25001727342605, "grad_norm": 1.7192941345274448, "loss": 0.011795955908019096, "top1_acc": 1.0, "top5_acc": 1.0, "loss_cls": 0.011795955908019096, "time": 94.52659387588501, "epoch": 23, "iter": 322, "memory": 21685, "step": 322}
{"lr": 0.0001, "data_time": 91.49554269313812, "grad_norm": 2.244086467474699, "loss": 0.01573331851977855, "top1_acc": 0.9859154929577465, "top5_acc": 1.0, "loss_cls": 0.01573331851977855, "time": 91.75308412313461, "epoch": 24, "iter": 336, "memory": 21685, "step": 336}
{"lr": 0.0001, "data_time": 99.83039367198944, "grad_norm": 2.1147384375333784, "loss": 0.01479246022645384, "top1_acc": 1.0, "top5_acc": 1.0, "loss_cls": 0.01479246022645384, "time": 100.09783220291138, "epoch": 25, "iter": 350, "memory": 21685, "step": 350}
{"acc/top1": 0.9653979238754326, "acc/top5": 1.0, "acc/mean1": 0.9555023923444976, "data_time": 108.61838033795357, "time": 108.73170819878578, "step": 25}
{"lr": 0.0001, "data_time": 107.43336884975433, "grad_norm": 2.2302161805331706, "loss": 0.012954188766889274, "top1_acc": 1.0, "top5_acc": 1.0, "loss_cls": 0.012954188766889274, "time": 107.70031609535218, "epoch": 26, "iter": 364, "memory": 21685, "step": 364}
{"lr": 0.0001, "data_time": 97.4750877380371, "grad_norm": 2.6452769592404364, "loss": 0.015534490463323891, "top1_acc": 0.9859154929577465, "top5_acc": 1.0, "loss_cls": 0.015534490463323891, "time": 97.73664588928223, "epoch": 27, "iter": 378, "memory": 21685,