{"lr": 7.8125e-05, "data_time": 0.06933480898539225, "grad_norm": 12.713767878214519, "loss": 0.6982685128847758, "top1_acc": 1.0, "top5_acc": 1.0, "loss_cls": 0.6982685128847758, "time": 0.13909676869710286, "epoch": 1, "iter": 15, "memory": 2918, "step": 15}
{"acc/top1": 0.7, "acc/top5": 1.0, "acc/mean1": 0.7, "data_time": 0.15426034927368165, "time": 0.1714789867401123, "step": 1}
{"lr": 7.8125e-05, "data_time": 0.07842913866043091, "grad_norm": 11.939070463180542, "loss": 0.6619523078203201, "top1_acc": 0.5, "top5_acc": 1.0, "loss_cls": 0.6619523078203201, "time": 0.11311686038970947, "epoch": 2, "iter": 30, "memory": 1000, "step": 30}
{"acc/top1": 0.8, "acc/top5": 1.0, "acc/mean1": 0.8, "data_time": 0.13972882429758707, "time": 0.15513372421264648, "step": 2}
{"lr": 7.8125e-05, "data_time": 0.06453129053115844, "grad_norm": 11.831849813461304, "loss": 0.654054245352745, "top1_acc": 1.0, "top5_acc": 1.0, "loss_cls": 0.654054245352745, "time": 0.10126233100891113, "epoch": 3, "iter": 45, "memory": 1000, "step": 45}
{"acc/top1": 0.8, "acc/top5": 1.0, "acc/mean1": 0.8, "data_time": 0.14800167083740234, "time": 0.16345938046773276, "step": 3}
{"lr": 7.8125e-05, "data_time": 0.07373639345169067, "grad_norm": 12.490577602386475, "loss": 0.6773361772298813, "top1_acc": 0.0, "top5_acc": 1.0, "loss_cls": 0.6773361772298813, "time": 0.10535082817077637, "epoch": 4, "iter": 60, "memory": 1000, "step": 60}
{"acc/top1": 0.7, "acc/top5": 1.0, "acc/mean1": 0.7, "data_time": 0.14142600695292154, "time": 0.1552633841832479, "step": 4}
{"lr": 7.8125e-05, "data_time": 0.07862510681152343, "grad_norm": 12.961866617202759, "loss": 0.6998514801263809, "top1_acc": 1.0, "top5_acc": 1.0, "loss_cls": 0.6998514801263809, "time": 0.10953123569488525, "epoch": 5, "iter": 75, "memory": 1000, "step": 75}
{"acc/top1": 1.0, "acc/top5": 1.0, "acc/mean1": 1.0, "data_time": 0.13924062252044678, "time": 0.15105982621510824, "step": 5}
{"lr": 7.8125e-05, "data_time": 0.06940866708755493, "grad_norm": 10.715848159790038, "loss": 0.5960431769490242, "top1_acc": 0.0, "top5_acc": 1.0, "loss_cls": 0.5960431769490242, "time": 0.104231858253479, "epoch": 6, "iter": 90, "memory": 1000, "step": 90}
{"acc/top1": 1.0, "acc/top5": 1.0, "acc/mean1": 1.0, "data_time": 0.14399011929829916, "time": 0.15787899494171143, "step": 6}
{"lr": 7.8125e-05, "data_time": 0.06701231002807617, "grad_norm": 11.774190640449524, "loss": 0.6249069377779961, "top1_acc": 0.5, "top5_acc": 1.0, "loss_cls": 0.6249069377779961, "time": 0.10036184787750244, "epoch": 7, "iter": 105, "memory": 1000, "step": 105}
{"acc/top1": 0.7, "acc/top5": 1.0, "acc/mean1": 0.7, "data_time": 0.1408300002415975, "time": 0.15142802397410074, "step": 7}
{"lr": 7.8125e-05, "data_time": 0.06212071180343628, "grad_norm": 12.423541164398193, "loss": 0.6429781556129456, "top1_acc": 1.0, "top5_acc": 1.0, "loss_cls": 0.6429781556129456, "time": 0.09498404264450074, "epoch": 8, "iter": 120, "memory": 1000, "step": 120}
{"acc/top1": 1.0, "acc/top5": 1.0, "acc/mean1": 1.0, "data_time": 0.1396667162577311, "time": 0.1513973077138265, "step": 8}
{"lr": 7.8125e-05, "data_time": 0.07228496074676513, "grad_norm": 12.477978062629699, "loss": 0.6276233404874801, "top1_acc": 0.5, "top5_acc": 1.0, "loss_cls": 0.6276233404874801, "time": 0.10487141609191894, "epoch": 9, "iter": 135, "memory": 1000, "step": 135}
{"acc/top1": 1.0, "acc/top5": 1.0, "acc/mean1": 1.0, "data_time": 0.1326160430908203, "time": 0.1515724261601766, "step": 9}
{"lr": 7.8125e-05, "data_time": 0.09285697937011719, "grad_norm": 11.267014646530152, "loss": 0.5651018768548965, "top1_acc": 1.0, "top5_acc": 1.0, "loss_cls": 0.5651018768548965, "time": 0.12647784948349, "epoch": 10, "iter": 150, "memory": 1000, "step": 150}
{"acc/top1": 1.0, "acc/top5": 1.0, "acc/mean1": 1.0, "data_time": 0.12987780570983887, "time": 0.14767809708913168, "step": 10}
