{"lr": 0.001, "data_time": 104.5386676618031, "grad_norm": 7.800648144313267, "loss": 0.44016137399843763, "top1_acc": 0.8309859154929577, "top5_acc": 1.0, "loss_cls": 0.44016137399843763, "time": 104.88127136230469, "epoch": 1, "iter": 14, "memory": 21685, "step": 14}
{"lr": 0.001, "data_time": 88.83215450048446, "grad_norm": 5.416185688972473, "loss": 0.2137662462890148, "top1_acc": 0.9577464788732394, "top5_acc": 1.0, "loss_cls": 0.2137662462890148, "time": 89.11213581562042, "epoch": 2, "iter": 28, "memory": 21685, "step": 28}
{"lr": 0.001, "data_time": 88.00549250841141, "grad_norm": 5.077514815330505, "loss": 0.14053461253643035, "top1_acc": 0.9577464788732394, "top5_acc": 1.0, "loss_cls": 0.14053461253643035, "time": 88.27664494514465, "epoch": 3, "iter": 42, "memory": 21685, "step": 42}
{"lr": 0.001, "data_time": 101.14386429786683, "grad_norm": 4.480370962619782, "loss": 0.11900457292795182, "top1_acc": 0.9577464788732394, "top5_acc": 1.0, "loss_cls": 0.11900457292795182, "time": 101.40685471296311, "epoch": 4, "iter": 56, "memory": 21685, "step": 56}
{"lr": 0.001, "data_time": 83.77715713977814, "grad_norm": 3.7129727602005005, "loss": 0.09049773653969169, "top1_acc": 1.0, "top5_acc": 1.0, "loss_cls": 0.09049773653969169, "time": 84.05967173576354, "epoch": 5, "iter": 70, "memory": 21685, "step": 70}
{"acc/top1": 0.9607843137254902, "acc/top5": 1.0, "acc/mean1": 0.9535984848484849, "data_time": 117.41865587234497, "time": 117.57575447218758, "step": 5}
{"lr": 0.001, "data_time": 111.11251462697983, "grad_norm": 2.940347135066986, "loss": 0.07002920424565673, "top1_acc": 0.9436619718309859, "top5_acc": 1.0, "loss_cls": 0.07002920424565673, "time": 111.40960421562195, "epoch": 6, "iter": 84, "memory": 21685, "step": 84}
{"lr": 0.001, "data_time": 96.39103991985321, "grad_norm": 3.384674906730652, "loss": 0.07403879584744573, "top1_acc": 0.9577464788732394, "top5_acc": 1.0, "loss_cls": 0.07403879584744573, "time": 96.67764366865158, "epoch": 7, "iter": 98, "memory": 21685, "step": 98}
{"lr": 0.001, "data_time": 100.1183629989624, "grad_norm": 3.5828742355108263, "loss": 0.06881416868418455, "top1_acc": 0.971830985915493, "top5_acc": 1.0, "loss_cls": 0.06881416868418455, "time": 100.38587740659713, "epoch": 8, "iter": 112, "memory": 21685, "step": 112}
{"lr": 0.001, "data_time": 93.10677553415299, "grad_norm": 3.7753113120794297, "loss": 0.06094370260834694, "top1_acc": 0.971830985915493, "top5_acc": 1.0, "loss_cls": 0.06094370260834694, "time": 93.3766018986702, "epoch": 9, "iter": 126, "memory": 21685, "step": 126}
{"lr": 0.001, "data_time": 98.99733052253723, "grad_norm": 3.525731748342514, "loss": 0.05139908036217093, "top1_acc": 1.0, "top5_acc": 1.0, "loss_cls": 0.05139908036217093, "time": 99.28129967451096, "epoch": 10, "iter": 140, "memory": 21685, "step": 140}
{"acc/top1": 0.9711649365628604, "acc/top5": 1.0, "acc/mean1": 0.9723484848484849, "data_time": 105.54668122529984, "time": 105.68388476967812, "step": 10}
{"lr": 0.001, "data_time": 107.73228478431702, "grad_norm": 2.8949500620365143, "loss": 0.0397120819427073, "top1_acc": 0.9859154929577465, "top5_acc": 1.0, "loss_cls": 0.0397120819427073, "time": 108.01002340316772, "epoch": 11, "iter": 154, "memory": 21685, "step": 154}
{"lr": 0.001, "data_time": 101.97970798015595, "grad_norm": 3.336302101612091, "loss": 0.04319956130348146, "top1_acc": 0.9859154929577465, "top5_acc": 1.0, "loss_cls": 0.04319956130348146, "time": 102.26905695199966, "epoch": 12, "iter": 168, "memory": 21685, "step": 168}
{"lr": 0.001, "data_time": 104.70723541975022, "grad_norm": 3.3621121108531953, "loss": 0.03352364008314908, "top1_acc": 0.971830985915493, "top5_acc": 1.0, "loss_cls": 0.03352364008314908, "time": 104.97960764169693, "epoch": 13, "iter": 182, "memory": 21685, "step": 182}
{"lr": 0.001, "data_time": 99.38957172632217, "grad_norm": 3.2857886403799057, "loss": 0.032530146767385304, "top1_acc": 0.9859154929577465, "top5_acc": 1.0, "loss_cls": 0.032530146767385304, "time": 99.67691142559052, "epoch": 14, "iter": 196, "memory": 21685, "step": 196}
{"lr": 0.001, "data_time": 96.90969231128693, "grad_norm": 2.8329526662826536, "loss": 0.024257658515125513, "top1_acc": 1.0, "top5_acc": 1.0, "loss_cls": 0.024257658515125513, "time": 97.19831515550614, "epoch": 15, "iter": 210, "memory": 21685, "step": 210}
{"acc/top1": 0.9573241061130334, "acc/top5": 1.0, "acc/mean1": 0.9409190590111642, "data_time": 108.02897101640701, "time": 108.16527682542801, "step": 15}
{"lr": 0.001, "data_time": 113.55612716674804, "grad_norm": 3.183966040611267, "loss": 0.026721883658319713, "top1_acc": 1.0, "top5_acc": 1.0, "loss_cls": 0.026721883658319713, "time": 113.84514019489288, "epoch": 16, "iter": 224, "memory": 21685, "step": 224}
{"lr": 0.001, "data_time": 89.92982716560364, "grad_norm": 3.5876463413238526, "loss": 0.02965098419226706, "top1_acc": 1.0, "top5_acc": 1.0, "loss_cls": 0.02965098419226706, "time": 90.2141915678978, "epoch": 17, "iter": 238, "memory": 21685, "step": 238}
{"lr": 0.001, "data_time": 83.1851791024208, "grad_norm": 3.05599335283041, "loss": 0.032494149077683686, "top1_acc": 0.9577464788732394, "top5_acc": 1.0, "loss_cls": 0.032494149077683686, "time": 83.46975786685944, "epoch": 18, "iter": 252, "memory": 21685, "step": 252}
{"lr": 0.001, "data_time": 87.8916692495346, "grad_norm": 2.60062118396163, "loss": 0.028110086231026798, "top1_acc": 1.0, "top5_acc": 1.0, "loss_cls": 0.028110086231026798, "time": 88.1871370792389, "epoch": 19, "iter": 266, "memory": 21685, "step": 266}
{"lr": 0.001, "data_time": 96.68624905347824, "grad_norm": 2.4230608768761157, "loss": 0.02081780768930912, "top1_acc": 1.0, "top5_acc": 1.0, "loss_cls": 0.02081780768930912, "time": 96.97541770935058, "epoch": 20, "iter": 280, "memory": 21685, "step": 280}
{"acc/top1": 0.9607843137254902, "acc/top5": 1.0, "acc/mean1": 0.9471690590111643, "data_time": 108.14961731433868, "time": 108.26948499679565, "step": 20}
{"lr": 0.0001, "data_time": 100.91970413923264, "grad_norm": 2.184039393812418, "loss": 0.018446759617654608, "top1_acc": 1.0, "top5_acc": 1.0, "loss_cls": 0.018446759617654608, "time": 101.20792900323868, "epoch": 21, "iter": 294, "memory": 21685, "step": 294}
{"lr": 0.0001, "data_time": 98.53814058303833, "grad_norm": 2.123214430361986, "loss": 0.017763060954166576, "top1_acc": 1.0, "top5_acc": 1.0, "loss_cls": 0.017763060954166576, "time": 98.80644276142121, "epoch": 22, "iter": 308, "memory": 21685, "step": 308}
{"lr": 0.0001, "data_time": 95.5952072262764, "grad_norm": 1.599627462029457, "loss": 0.012465323955984786, "top1_acc": 0.9859154929577465, "top5_acc": 1.0, "loss_cls": 0.012465323955984786, "time": 95.87517980337142, "epoch": 23, "iter": 322, "memory": 21685, "step": 322}
{"lr": 0.0001, "data_time": 95.3913544178009, "grad_norm": 1.903368964791298, "loss": 0.015437111858045683, "top1_acc": 0.971830985915493, "top5_acc": 1.0, "loss_cls": 0.015437111858045683, "time": 95.67731248140335, "epoch": 24, "iter": 336, "memory": 21685, "step": 336}
{"lr": 0.0001, "data_time": 97.3220815896988, "grad_norm": 1.6403281584382057, "loss": 0.01225884518935345, "top1_acc": 1.0, "top5_acc": 1.0, "loss_cls": 0.01225884518935345, "time": 97.59247705936431, "epoch": 25, "iter": 350, "memory": 21685, "step": 350}
{"acc/top1": 0.9677047289504037, "acc/top5": 1.0, "acc/mean1": 0.9648125996810207, "data_time": 103.97293028235435, "time": 104.09043940901756, "step": 25}
{"lr": 0.0001, "data_time": 107.5808648943901, "grad_norm": 2.0628417298197745, "loss": 0.014746504364302382, "top1_acc": 1.0, "top5_acc": 1.0, "loss_cls": 0.014746504364302382, "time": 107.8682091832161, "epoch": 26, "iter": 364, "memory": 21685, "step": 364}
{"lr": 0.0001, "data_time": 94.89364566802979, "grad_norm": 2.0450134009122847, "loss": 0.019594903651159255, "top1_acc": 0.9859154929577465, "top5_acc": 1.0, "loss_cls": 0.019594903651159255, "time": 95.16743230819702, "epoch": 27, "iter": 378, "memory": 21685, "step": 378}
{"lr": 0.0001,